"year","oc","text"
"2009","i001","géographie . cartographie . galerie . ptolémée . histoire . textes techniques latins et grecs . carte . eumène . table de peutinger . tétrarchie . végèce . bibliothèque diderot de lyon . cartographie . charles quint . soliman le magnifique . willem jansz blaeu . xviie . bu lyon 1 . buffon . cartographie . exposition . exposition virtuelle . pôles . xviiie . actualités de la recherche"
"2009","i002","grands débats de l ehess 2009 . instances d évaluation . analyses et opinions . allocation des moyens . bibliométrie . idéologie de l évaluation . performance . politiques des sciences 2009 2010 . politiques des sciences 2009 2010 . politiques des sciences 2009 2010 . politiques des sciences 2009 2010 . politiques des sciences 2009 2010"
"2009","i003","méthodes . r . statistiques . analyse . graphiques . outils . dbase . histoire de vie . khi2 . r . résidus . tableau croisé"
"2010","i004","actualité . jeunesse"
"2010","i005","méthodes . profession . évaluation . publication . blogosphère . blogs . hypothèses . blogosphère . blogs . hypothèses . vers un monde commun . chanson . enquêter . observation directe . politiques publiques . adiam . ariam . censure . combo 95 . courage . donne moi le micro . esthétique . foucault . france gall . gainsbourg . iam . isabelle kauffmann . jeune . jeunesse . l effet papillon . parrhèsia . vérité . youssoupha . écrits . parution . body . embodiment . state . débats critiques . boltanski . bourdieu . dialogisme . épistémologie . éthique . parrêsia . philosophie . vérité . vertu discursive . écrire . lire . sexe . vie du blog . anne simon . christine détrez . digital humanities . genre . littérature . livre . thèse . rencontres . suivi du séminaire . notes de lecture . automne 2010 les diseurs de vérité . éthique du discours . éthique . foucault . parrêsia . perversion . philosophie . vérité . vertu discursive"
"2010","i006","formation emploi . mobilisation . digital humanities . penser classer . trésor des contes . classifications . contes . comptes rendus . signalements . digital humanities . manifeste . lire écouter voir . mobilisation . archives scientifiques . digital humanities . source orale . méta théorie . logique d enquête . art 9 . bande dessinée . colloques . archives . contributions à la recherche . ateliers . thatcamp paris 2010 . lire écouter voir . accès aux sources . classification . conte . inventaire du conte traditionnel . traitement documentaire . manifeste des digital humanities . thatcamp paris 2010 . comptes rendus . digital humanities . thatcamp paris 2010 . bibliographie . billets . ressources biblio sitographiques . sitographie . vie du labo . bande dessinée . bandes dessinées . bd . bibliographie . sitographie . vie du laboratoire . journée d étude . enquête de terrain . film . publier ses sources . afas . journée d étude . accès aux sources . archives scientifiques . audiovisuel . mmsh"
"2010","i007","veille . comics . review . asylums . france"
"2010","i008","colloques conferences . séminaires"
"2010","i009","evaluation de l enseignement . instances d évaluation . cdhss . idéologie de l évaluation . pilotage . avenir de la recherche . édition électronique . ressources en ligne . biliothèques universitaires . édition électronique . publications shs . analyses et opinions . politiques des sciences 2009 2010 . analyses et opinions . bibliométrie . déontologie . publish or perish . rplagiat . politiques des sciences 2009 2010 . libre accès . ressources en lettres et shs . libre accès . oapen . shs . édition électronique . livres . interopérabilité . technologies . analyses et opinions . édition . politiques des sciences 2010 11"
"2010","i010","site internet conseillé . comptabilité . écrit . colloques journées d études expositions . comptabilité médiévale"
"2011","i011","blogging scientifique . signalement . actualités news . programme . journées d études . programme"
"2011","i012","profession . doctorat . réflexion décousue . journalisme . usa . élections . élections . france . ep summer university 2011 . publier communiquer . digital humanities . openedition for libraries . actualités . ressources . encadrement soutenance . edition . humanités numériques . revues . shs . concentration . economie . indépendance . marchandisation . medias . billets . billets . billets . libre accès . université d aix marseille . 2011 2012 . comptes rendus . l écriture . l enquête et le terrain . professionnalisation"
"2011","i013","actualités . brèves . colloques . bibliographies . discussions . humanités numériques digital humanities . actualités . brèves . contributions à la recherche . questions juridiques . archives scientifiques . aurore . articles originaux . films ethnographiques . brèves . archives . lire écouter voir . edition électronique . open access . revues org . lire écouter voir . outils . chanson . classification . conrad laforte . google books . traitement documentaire . journée d étude . archives scientifiques . audiovisuel . enseignement . réseau des msh . enseñanza a distancia . fonética . herramientas . historia de la lengua . uned . formation emploi . patrimoine immatériel . unesco . manifeste des digital humanities . thatcamp paris 2010 . archive . afas . journée d étude . ad . afas . archives sonores . partenariat . afas . journée d étude . ad . afas . archives orales . archives sonores . mise en ligne . mnatp . mucem . actualités news . ateliers asa asa workshop . colloques asa shs . journées 2011 . asa shs . colloque . escom . fmsh . transmission . actualités news . atelier pcia . andes . anthropologie . collecte . corpus audiovisuel . enquête ethnographique . éthique . patrimoine culturel . patrimoine immatériel . patrimoine vivant . manifeste des digital humanities"
"2011","i014","livres anciens . editeurs . annonces . sociologie du web . logique d enquête . art 9 . idées opinions croyances . littérature et autres arts . thèmes littéraires et artistiques . trésor des contes . animaux . bande dessinée . cinéma . intertextualité . poésie . religion . logique d enquête . travailler en bibliothèque . allemagne . bibliothèques . bibliothèques numériques . cartographies . logique d enquête . cartographies . manifestations et comptes rendus . annonces . prospéro 2 0 . internet . syrie . blog . facebook . printemps arabe . réseaux sociaux . annonces . cinéma . image . qatar . saoudie . télévision . feuilleton . iran . qardawi . penser classer . trésor des contes . classifications . contes . paysage documentaire allemand . allemagne . bibliothèque . catalogue . dnb . paysage documentaire allemand . stratégies de recherche . bibliothèque . bibliothèque nationale allemande . deutsche nationalbibliothek . dnb . concepts . séminaires . séminaires"
"2011","i015","annotation in xml tei . building bilbo . building bilbo . building bilbo . building bilbo . annotation in xml tei . building bilbo . building bilbo . annotation in xml tei . building bilbo . building bilbo"
"2011","i016","à propos . les auteurs . chiffres . historiographies . lectures . méthodes quantitatives . signalements . sources . lectures . signalements . billets . fonctionnaires . interventions . thèse . lectures . analyse des réseaux . analyse textuelle . claire lemercier . claire zalc . event historyanalysis . fonctions de survie . histoire . compte rendus ouvrages articles . informations diverses . recherches personnelles . recherches personnelles . recherches personnelles . recherches personnelles . recherches personnelles"
"2011","i017","dhiha3 . neuigkeiten . flickr . histoire . photographie . redocumentarisation . en images . signalements . crowdsourcing . photosnormandie . présentation . redocumentarisation . actu . blog . de hypotheses org . gender . netzwerke . wissenschaftliche publikation . activités du sid . documentaliste . information documentation . maison des sciences de l homme . médiation . msh . valeur . valorisation . actualités news . dhiha3 . blogs . communication . histoire . humanités . réseaux sociaux . science . web2 0 . berichte . neuigkeiten . projekte des dhi . blog . blogportal . de hypotheses org . wissenschaftsblog . berichte . blog . geschichtswissenschaft . historiker . soziale medien . wissenschaftsblog"
"2011","i018","politiques des sciences 2010 11 . analyses et opinions . contrôle de gestion . excellence . idéologie de l évaluation"
"2011","i019","arts visuels . histoire . expositions . jouets . poupées"
"2011","i020","varia . hyposphère . lieux de savoir . fils thématiques . mode d emploi . fils thématiques . numérique . lieux de savoir 2 . lieux de savoir 2 . sommaire"
"2011","i021","recherche . fado . patrimoine immatériel . portugal . intangible cultural heritage . museology . clara bertrand cabral . clara cabral . convenção 2003 . património imaterial"
"2012","i022","2011 2012 . comptes rendus . professionnalisation . publier communiquer . le doctorat au quotidien . organisation du travail . colloque . déplacement . financement . gestion du temps . organisation . discriminations . lectures readings . recrutements théorie et pratique . discrimination . mathématiques . sexisme . analyses et opinions . bibliométrie . politiques des sciences 2011 12 . l écriture . professionnalisation . publier communiquer . 2009 2010 . comptes rendus . publier communiquer . analyses et opinions"
"2012","i023","best practice . best practice . digital humanities . lectures . signalements . archives . theoretical approaches . digital humanities . documents . episteme . hybridity . time . neuigkeiten . thatcamp . écritures . sources . theoretical approaches . best practice . digital humanities . episteme . à propos . le carnet . digital networking . best practice . digital humanities . episteme . innovation . participation . blogs et carnets . visuelles . blogs et carnets . berichte . blog . geschichtswissenschaft . historiker . soziale medien . wissenschaftsblog . publications . algérie coloniale . assignation à résidence . internement . violence . interviews . bloggen . hans ulrich gumbrecht . interview . manifeste des digital humanities . thatcamp paris 2012 . digital humanities . manifeste des digital humanities . dhiha5 . tagungen . dhiha5 . digital humanities . enseignement universitaire . berichte . microbloggen . twitter . manifeste des digital humanities . thatcamp paris 2010 . accrochages . actualités news . accrochage . aquarelle . baudelaire . constantin guys . dessin . guerre . illustrateur . reporter . xixe siècle . accrochages . actualités news . architecture intérieure . décorateur . design . dessin . jean royère . meubles . musée des arts décoratifs . xxe siècle . actualités news . dessin . épistémologie . génétique . histoire culturelle . histoire de l art . paysage documentaire allemand . archives"
"2012","i024","thèse en cours . archives . première guerre mondiale . informations diverses . thèse en cours . éducation . laïcité . ricoeur . recherches personnelles . colloques séminaires . comptes rendus notes . chs . militants . pcf . séminaire . débats critiques . éthique du discours . aristote . care . châtel . conséquentialisme . déontologisme . éthique . kant . morale . norme . ogien . peillon . pétain . philosophie morale . valeur . vertu . lectures readings . histoire fabriquée . manuels scolaires . vincent badré"
"2012","i025","actualité . jeunesse . séminaire larue jeunesse 2012 . gender . littérature pour la jeunesse"
"2012","i026","journées d études . veille et publications . journée d études . statistiques"
"2012","i027","arts . art . catalogue . exposition . musées . editions expositions"
"2012","i028","building bilbo . building bilbo . building bilbo . codes and data . building bilbo . building bilbo . building bilbo . building bilbo . news"
"2012","i029","blog und recht . creative commons . impressum . urheber . urheberrecht . scholarly blogs munich 2012 . caroline von humboldt . janin afken . rechtsfragen . aktuelles . tagung . blog . blogging . de hypotheses org . geisteswissenschaft . tagung . wissenschaftsblog . tagung . blogosphäre . de hypotheses org . dhdhi4"
"2012","i030","signalements . humanité numérique . appels à communication . héros . international . personnage . stéréotype"
"2012","i031","revues . hommage . pierre gentelle . revue . géographie . recension bibliographique . urbanisme . beyrouth . actualités . développement urbain durable . patrimoine urbain . services urbains . urbanisme . banlieue sud . beyrouth . haret hreik . hezbollah . reconstruction . waad . développement . développement urbain durable . géographie . services urbains . urbanisme . le cap . mumbai . santiago du chili . shanghai . events . films . jacqueline nivard . développement urbain durable . énergie . services urbains . urbanisme . antiquité . archéologie . digital humanities . géographie . histoire . iran . jordanie . pays . période . sociologie . yémen . gentelle . géohistoire . irrigation . contemporain . irak . jordanie . liban . observatoire urbain . patrimoine . syrie . urbanisme . amman . bagdad . beyrouth . damas . gentrification . observatoire urbain . patrimoine urbain . spéculation immobilière . ville . développement urbain durable . énergie . services urbains . urbanisme . istanbul . turquie . contemporain . liban . sciences politiques . urbanisme . beyrouth . hezbollah . reconstruction . projets de recherche . termos . top techniques objets patrimoines . anthropologie des techniques . architecture vernaculaire . chaînes opératoires . chine rurale contemporaine . cinéma anthropologique . événements . films . shaanxi . actualités . développement durable . gouvernance . métropoles . villes du sud . villes émergentes"
"2012","i032","analyse interne . classe . critique . diffuser . epilogue . esthétique . race . allégorie . classes . clip . histoire . kery james . lettre . parrhèsia . politique . république . maroc . musique . l7a9ed . rap . youtube"
"2012","i033","billets . evénements . logiciel libre . free software . digital humanities . hypothèses . hypothèses germanophone . internationalisation . outils usages en bibliothèques . thatcamp . journals . open access . referencing . free software . gnu linux . marseille . evénements . libre accès . logiciel libre . dhiha4 . blogging . de hypotheses org . bibliothèque . base de données . bibliothèque . opac . toulouse . revues org"
"2012","i034","economie sociale et solidaire . lise . manifestations scientifiques . clinique du travail . manifestations scientifiques . élections . méthodes . france . sondages . méthodes . blabla . sondages . annonces . appel à contribution . bourdieu . ecole de francfort . épistémologie . possible . réalité . sciences sociales . élections . méthodes . analyse textuelle . profession . réflexion décousue . discipline . discipline scientifique . annonces . evénements . publications . globalisation . mondialisation . célébrations 2011 2012 . analyse de l activité . manifestations scientifiques . pratiques professionnelles . enseignement . france . notation . genre travail et formation . manifestations scientifiques . annonces . evénements . capitalisme . crises . économie solidaire . émancipation . karl polanyi . evénements . evénements sophiapol . domination . philosophie politique . philosophie sociale . séminaire sophiapol . intuitions . bande dessinée . moebius . notes de lecture . appels à contributions . billets . n 24 réalité s du possible en sciences humaines et sociales . contrefactuel . possible . réel . séminaires . evénements . evénements sophiapol . bourdieu . engagement . espace public . etat . néolibéralisme . politique . politique éducative . sociologie politique . annonces . evénements . culture . durkheim . mauss . religions . société . evénements . evénements sophiapol . catégorisations sociales . émotions . philosophie . pratiques sociales . sciences sociales . sociologie . analyse . baccalauréat . diplômes . ecole . education . actu séminaire gcp current gcp seminaire . actualités news . programme 2012 2013 schedule 2012 2013 . séminaire 2012 2013 . abdellali hajjat . alexandra ferreira . anaïs albert . anne jusseaume . annick lacroix . christelle avril . classe . clyde plumauzille . espace . eve meuret campfort . fanny gallot . gender . genre . ingrid hayes . katie jarvis . lieux . marie cartier . mathilde rossigneux méheust . place . popular classes . rachel fuchs . space . stéphane lembré . ugo palheta"
"2012","i035","billets . calendrier"
"2012","i036","logique d enquête . actualités . association . santé environnementale . thèse"
"2012","i037","archive . artikel . bayern . benediktbeuern . benediktiner . berichte . bildungsgeschichte . frankreich . frühe neuzeit . geschichte . historiographiegeschichte . historische hilfswissenschaften . indien . italien . jesuiten . kapuziner . karmeliten . kunstgeschichte . melk . österreich . reich . st emmeram . st peter in salzburg . vortrag . wissenschaftsgeschichte . alois schmid . amand pachler . andreea badea . anthony grafton . barbara lawatsch melton . bernward schmidt . claudia märtl . colin f wilder . daniel papebroch . daniel odon hurel . elisabeth garms cornides . fabio marri . geschichtsforschung . geschichtskultur . geschichtsschreibung . helga penz . ines peper . jan marco sawilla . jean mabillon . jean louis quantin . karl meichelbeck . konstantin kaminskij . mark mersiowsky . matthäus rader . monumenta germaniae historica . nora gädeke . paolo aranha . patrick fiska . peter n miller . publikation . sammelband . stefan benz . sven externbrink . tagung . thomas wallnig . universität münchen . uta coburger . vortrag . werner telesko . artikel . blog . blog ordensgeschichte . rez . web 2 0 . rezensionen . actualités news . artikel . buchausstellung . buchpräsentation . geschichtskulturen . geschichtsschreibung . historiographiegeschichte . mabillon . meichelbeck . monastische geschichte . vortrag . wissenschaftsgeschichte . allgemein . 2000 . rezensionen"
"2012","i038","annuaire des doctorants . doctorat . monde arabe . sociologie . thèse . turquie . moyen orient . politique étrangère . religions . arabe . enseignement . enseignement religieux . expertise . imam hatip lisesi . monde arabe . savoir . think tank . université . moyen orient . politique étrangère . ahmet davutoğlu . akp . monde arabe . politique étrangère turque . printemps arabes . syrie . think tank . moyen orient . politique étrangère . ahmet davutoğlu . akp . études . expertise . leadership . monde arabe . moyen orient . printemps arabes . savoir . think tank . economie . lectures . moyen orient . politique étrangère . akp . compte rendu . diplomatie turque . economie turque . etats unis . exportation séries tv . iran . kurdes . libye . monde arabe . navire . pétrole . puissances émergentes . soft power . syrie . lectures . moyen orient . politique étrangère . akp . diplomatie turque . kurdes . néo ottomanisme . soft power"
"2012","i039","brèves . médias . outils pour l édition . lecteur . multimedia . photo . son . video . communauté . diffusion . abonnement . actualité news . alerte . openedition . fonctionnalités avancées advanced settings . communauté . diffusion"
"2013","i040","enseignement . notes . méthodologie . udem . enseignement . méthodologie . udem . signalements . à propos d ouvrages . entretiens . signalements . blogs et carnets . histoire du temps présent . histoire orale . historiographies . interdisciplinarité . orales . sources . construction de l objet . critique des sources . historiographie . interdisciplinarité . témoignage . témoin . temps présent . billets . fonctionnaires . interventions . thèse . origin e s"
"2013","i041","projekte des dhi . constance de salm . séminaires . manifestations scientifiques . maison des sciences de l homme . artikel . studium . dhiha5 . nachwuchs . social media . colloques . méthodes et outils . digital humanities . abstracts . biens communs de la connaissance . digital humanities . lionel maurel . propriété intellectuelle . recherche . shs all . conférences journées d études . essais . culture numérique . culture scientifique . dhip . digital humanities . hypotheses . iha paris . journée d étude . zotero . dhiha5 . dhiha5 . digital humanities . veille . archives ouvertes . françoise gouzi . hugues samyn . open acess . université toulouse 2 le mirail . artikel . tagung . cléo . dhi paris . digital humanities . digitale veränderungen . forschungsbedingungen . forschungsinfrastrukturen . l i s a . panel . artikel . blog . linktipp . musermeku . veille . digital humanities . revue de presse . dhiha5 . tagungen . dhiha5 . twitter . twitterwall . veille . digital humanities . revue de presse . veille . digital humanities . revue de presse . dhiha5 . neuigkeiten . dhiha5 . digital humanities . young scholars . artikel . berichte . projekte des dhi . beihefte der francia . de hypotheses org . francia . open access . phs . aktuelles . mittwochstipp . open access . artikel . constance de salm . dhi paris . frankreich . joseph zu salm reifferscheidt dyck . wissenschaftliche netzwerke . actualités . berichte . microbloggen . twitter . forscher innen . actualités . programme du semdoccak pour l année 2012 2013 . terrains . dhiha5 . dhiha5 . digital humanities . nachwuchs . dhiha5 . colloque . dhiha5 . digital humanities . jeunes chercheurs . manifeste des digital humanities . thatcamp paris 2010 . colloques . dhiha5 . dhiha5 . digital humanities . dhiha5 . dhiha5 . digital humanities . evènements . archives ouvertes . journée d études . libre accès . open édition . revues org . anthropologie . comparatisme . écriture . lieux de savoir 3 . livres . savoirs . transmission . deutsch . kultur . berufschancen für geisteswissenschaftler . promotion . vorteile einer promotion . chroniques pharmacologiques . enseignement . réflexions . billets . sparql . steampunk . colloques . dhiha5 . conférences journées d études . divers . essais . actualités news . digital humanities . accueil . documentation en pratique . réseaux et formations . archives ouvertes . bases de données . droits d auteur . formation . entretiens . archive ouverte . green . promotion . apps software . mittelalter . e learning . mobiles lernen . mythenrezeption . mythologie . online ressourcen . actualités news . dhiha5 . digital humanities . jeunes chercheurs . manifeste . manifeste des digital humanities . berichte . blog . geschichtswissenschaft . historiker . soziale medien . wissenschaftsblog . aktuelles . mittwochstipp . digitale bibliothek . billets . deutsche einwanderer in paris . 1854 . adressbuch der deutschen . einwanderer . heinrich heine . paris . documents en ligne . histoire . suggestion du jeudi . aufklärung . périodiques . retronumérisation . revues scientifiques . neuigkeiten . frankreich . open access . projekte des dhi . briefedition . constance de salm . actualités . les collections techniques . les collections techniques"
"2013","i042","artikel . unsere forschung . bundesarchiv . digitalisierung . mikrofilm . provisorische zentralgewalt . speichermedien . unser projekt . meinung . archiv . frühe neuzeit . kritik . quellen"
"2013","i043","énergie . géographie . histoire . charbon . irak . iran . liban . pétrole . concepts et méthodes . controverses et affaires . islam . maghreb . religions . tunisie . abou ilyad . ansar as sharia . ennadha . jendouba . la manouba . ligues de protection de la révolution . salafisme . salafistes jihadistes . salafistes quiétistes . salafistes scientifiques . tunis . tunisie . aménagement . développement . développement urbain durable . énergie . géographie . bizerte . éolienne . gaz de schiste . tunisie . au fil de la recherche . publications . exil . femmes . mémoire . au fil de la recherche . publications . action collective . communication . syrie . vidéo . youtube . lectures readings . contemporain . egypte . histoire . jordanie . sociologie . tunisie . al qaïda . ali halabi . ben ali . djihadiste . islamisme . madkhali . moubarak . muhammad hassan . révolution arabe . salafisme . contemporain . jordanie . développement durable . énergie . nucléaire . solaire . actualités . notes . balıkesir . contestation locale . énergies renouvelables . éoliennes . inauguration . infrastructure . turquie . agenda evénements . signalements . exil . femmes . guerre du viêt nam . nathalie huynh chau nguyen . récits . récits personnels . témoignage . vietnamiennes . contemporain . liban . sciences politiques . syrie . beyrouth . crise syrienne . liban . relation syro libanaise . révolutions arabes . syrie . système politique libanais"
"2013","i044","2012 2013 . comptes rendus . professionnalisation . publier communiquer . formations . hypothèses germanophone . internationalisation . openedition . libre accès . openedition freemium . libre accès . les financements . dates . deutsch . blog . blogging . digital humanities . methodologie . digital humanities . open access . édition scientifique . rédaction"
"2013","i045","artikel . bibliotheksgeschichte . digital humanities . digitalisierung mittelalterlicher bibliotheken . handschriften online . handschriftengeschichte . ikonographie . kodikologie . mittelalter . paläographie . artikel . frühe neuzeit . mittelalter . rez . rezensionen . future timeline . digital humanities . e publikationen . geisteswissenschaften . social media . wissenschaftsmanagement . wissenschaftsnetzwerke . artikel . blog ordensgeschichte . web 2 0 . hashtag . histmonast . twitter . artikel . glossen . handschrift . artikel . kommunikation . linguistik . sprache . artikel . web 2 0 . facebook . google . tumblr . twitter . artikel . blog . web 2 0 . de hypotheses org . servicebeitrag . soziologischer monatsrückblick . ethnographie . klimaschutz . queer theory . soziologischer wochenrückblick . theorie der anerkennung . artikel . aktuelles . denkmalpflege . artikel . archäologie . denkmalpflege . deutsche gesellschaft für ur und frühgeschichte e v . nordrhein westfalen . petition . ohne zuordnung . archive . artikel . frühe neuzeit . archiv der erzdiözese salzburg . fastenpredigten . handschrift . salzburg . wissenschaftliches bloggen . bloggen . portal . suchmaschine . wissenschaftsblog . archive . artikel . historische hilfswissenschaften . web 2 0 . facebook . google . hashtag . historische hilfswissenschaften . tumblr . twitter . artikel . artikel . bibliotheken . digitalisate . frühe neuzeit . internetprojekt . lorsch . mittelalter . st emmeram . st peter im schwarzwald . strahov . allgemein . 2000 . rezensionen . artikel . digitales publizieren . rezensieren . rkb13 . social media . redner statements rkb13 . rezensieren . wissenschaftskommunikation . aktuelles . dies und das . rkb13 . recensio net . tweetarchiv . carolingian critters . frühmittelalter . herzogtum bayern . karolinger . kodikologie . opuscula . paläographie . rezeptionsgeschichte . summa summarum . bayerische staatsbibliothek . bayern . frühmittelalter . fund . handschriften . karolinger . manuscript studies . middle ages . mittelalter . münchen . blogaward . slide . blogeinträge . blogs . geburtstag . top 5 . artikel . annotation . buchdruck . frühe neuzeit . glossen . handschriftengeschichte . historische linguistik . kodikologie . mittelalter . paläographie . artikel . rkb13 . videos rkb13 . aktuelles . tagung . blog . blogging . de hypotheses org . geisteswissenschaft . tagung . wissenschaftsblog . tagung . blogosphäre . de hypotheses org . dhdhi4 . future timeline . archäologie . geschichte . identität . kulturverfall . medien . öffentlichkeit . artikel . bayern . böhmen . vortrag . abstract . äußere schulen . katholische aufklärung . klosterkritik . säkularisation . sattelzeit . schulreformen . artikel . blog ordensgeschichte . web 2 0 . frühmittelalter . geschichtswissenschaft . hochmittelalter . kunstgeschichte . mediävistik . rezensionsüberblicke . spätmittelalter . summa summarum . theologie . art history . geschichte . history . medieval . middle ages . mittelalter . review . rezension . wissenschaft . jahrhundert . artikel . frühe neuzeit . mittelalter . rez . jahrhundert . frühe neuzeit . mittelalter . rezensionen . rezensionsüberblick . byzantinistik . frühmittelalter . geschichtswissenschaft . hochmittelalter . mediävistik . monastische orden . rezensionsüberblicke . spätmittelalter . summa summarum . theologie . medieval . review . rezensionsüberblick . artikel . neuigkeiten . aktuelles . de hypotheses org . schulung . wissenschaftsblog . lectures readings . blog . blogging . geisteswissenschaften . aktuelles . blogosphäre . geschichtsblog . artikel . web 2 0 . histbav . facebook . google . hashtag . tumblr . twitter . email abonnement . email abonnement monitoring"
"2013","i046","colloque . christianisme . conversion . judaïsme . colloques"
"2013","i047","internet . miscellaneous . research . 2 0 . blog . carnet . chercheur . accueil . littérature . éthique . interprétation . théorie littéraire . université . accueil . université . accueil . méthodologie . queer . accueil . littérature . séries . interdisciplinarité . narratologie . science fiction . accueil . éthique . humanisme . interdisciplinarité . méthodologie . université . pornographie . éthique . interdisciplinarité . porn studies . sociologie des média . université . actualités news . congresos . humanidades digitales . accueil . littérature . accueil . littérature . humanisme . méthodologie . narratologie . théorie littéraire . accueil . littérature . pornographie . carnet . méthodologie . porn studies . sociologie des média . théorie littéraire . traduction . accueil . méthodologie . recension . accueil . enseignement . humanisme . interprétation . méthodologie . université . février 2012 m faury . face à face . carnet de recherche . commentaire . dialogue . analyse du discours numérique . débats critiques . informations . mai 2013 m faury . mai 2013 m faury . décembre 2013 rétrovilla2013 . bon . évidence . faux . réalité . vérité . vrai . printemps 2013 les événements discursifs moraux . éthique du discours . philosophie du discours . promenades sémiotiques . théorie du discours . boutin . économie discursive . éthique du discours . événement discursif moral . facebook . jolie . mastectomie . moment discursif . poop . rsn . sanction sociale . smiley . dictionnaire dadn . affiliation diffuse . affordance . ambient affiliation . hashtag . investigabilité . pratiques affiliatives . produsage . searchable talk . humeur . billets . billets . juin 2013 e azofra . 2013 . mois après mois . digitalhumanities . diversité . réflexivité . juin 2013 e azofra . 2013 . digitalhumanities . partage . recherche . réflexivité . mars 2013 m a paveau . décembre 2013 rétrovilla2013 . pratiques . regards . boxe . certeau . feyerabend . michaux . pas de côté . pensée . psychanalyse . réflexivité . en marge des traductions . frédéric boyer . poésie . ponctuation . sonnets de shakespeare . système . en marge des traductions . anachronisme . bible . castellion . cibliste . sourcier . enquêtes . cantique des cantiques . jacobi . renan . sources . billets . enseigner . collège . enseigner . niveaux de langue . zep . l esprit des langues . enseigner . argot . derrida . enseigner . idiome . août 2013 c placial . théories . études de traduction . méthodes de la littérature comparée . pacte de lecture . traduction et stylistique . traduction et subjectivité . août 2013 c placial . chronologie . frédéric boyer . histoire littéraire . plagiat par anticipation . quignard . shakespeare . traduction . uchronie . televisão . billets . culture . programmes . service public . publications . billets . article . communication . ecriture . rédaction . thèse"
"2013","i048","années passées . séminaire . archives ouvertes . site web . blaise pascal . classement des universités . libre accès . université blaise pascal . université d auvergne . voix dorée . voix verte"
"2013","i049","actualités . billets . formations . actualités news . archéo dh . billets . evénements . archéologie . blog . carnet de recherche . pratiques"
"2013","i050","billets . billets . astuces documentaires . le coin des bibliothécaires . academie edu . bonne pratique . hal . identité numérique . researchgate . recherches en cours . contemporaine . marchands . pajek . trajectoires . recherches en cours . ancienne . pajek . savants . sociabilité . textes . visone . recherches en cours . ancienne . archéologie . épigraphie . famille . peuplement . journées . recherches en cours . correspondances . moderne . savants . recherches en cours . contemporaine . élites . réseaux cachés . salons . sociabilité . actualités news . billets . chercheurs . designers . humanités numériques . journée d étude . production scientifique . billets . methodoc . academia . archivage numérique . hal shs . idéntité numérique . réseau social . valorisation . visibilité de la recherche"
"2013","i051","manifestations scientifiques . maison des sciences de l homme . actualités de l umr . doctorat dpea dsa . dsa . equipes de recherche . evénements . ipraus ensa paris belleville . patrimoine . patrimoine architectural"
"2013","i052","zhongguo co . asie . blogs . chine . revue . splitter . dhidh5 . bibliotheca sinica 2 0 . dh . digitale bibliothek . mind the gap s . splitter . 16c . frühe stimmen . mendoza . schrift . livres anciens . editeurs . mind the gap s . allgemeines . artikel . wissenschaftliches bloggen . artikel . bildung . kalligraphie . papier . tusche . histoire de la maison mame . manifestations et comptes rendus . publication"
"2013","i053","anr . chine afrique . un thème un projet . archéologie . archive de fouille . archive sonore . questions juridiques . contrat . droit d auteur . enquête de terrain . éthique . anr . espaces sino africains . médecine chinoise . aurelia martin . conference . events . capitalism . marie claire bergère . state . journées d étude . france . pci . billets de blog cultures chinoises . chinois . école . enseignement . paris . doctorants . umr 8173 . environnement sonore . mobilisation . provence . alpes de haute provence . open access week . paysage sonore . transhumance . conférence . anr . atelier chine afrique . anr . anr esca . cameroun . médecine chinoise . yaoundé . cours et séminaires . centre . charon p . état local . p . périphérie . activités . actualités news . arts cultures . billets . colloques séminaires . histoire intellectuelle . tcm . afrique . chine . construction . contextes . diffusion . patrimoine . patrimoine culturel . patrimoine culturel immatériel . patrimonialisation . perceptions . savoir . ifpo . archives scientifiques . ifre . proche orient . lire écouter voir . archives scientifiques . ifre . proche orient . activités du groupe . diffuser . conférence . contrat . cours . discours . droit de citation . enregistrement sonore . extrait sonore . fair use . parole publique . sermon . préparer la recherche . diffuser . relation enquêteur enquêté . transcription . préparer la recherche . archives sonores . contrat . enquête de terrain . enquêteur . enregistrement sonore . informateur . institution patrimoniale . relation enquêteur enquêté . témoin . préparer la recherche . archives sonores . auteur . contrat . enquête de terrain . entretien . oeuvre de collaboration . oeuvre de l esprit . relation enquêteur enquêté . préparer la recherche . anonymisation . autorisation . cnil . collecteur . données personnelles . entretien . témoin . terrain . préparer la recherche . archives sonores . collecte . corpus sonore . déontologie . enregistrer . entretien . méthode d enquête . oeuvre de collaboration . activités . actualités news . billets . colloques séminaires . histoire intellectuelle . tcm . afrca . afrique . chiinatown . china . china in africa . chine . elites . espaces . interactions . medias . social networks . soft power . tcm . comptes rendus . alain roux . ccj . marie claire bergère . journée d étude . jeu . patrimoine immatériel . pci . travaux . cc . hangzhou . la pagode liuheta . liang sicheng . zhongguo yingzao xueshe . centre japon . journée des doctorants . vie de l umr . 2013 . aleksandra majstorac kobiljski . catherine capdeville zeng . cecmc . crc . crj . exposé oral . guillaume carré . he qian . hunhee cho . hyunjoo lee . isabelle landry deron . jdd . jing wang . journée des doctorants . julie remoiville . katiana le mentec . kyunghee cho . kyungmi kim . lucie daeye . miwon seo . stéphanie homola . thèse . valérie gelézeau . xénia de heering . yannick bruneton . billets . activités . actualités news . billets . colloques séminaires . tcm . afrique . appropriation . cameroun . chine . chine afrique . espaces culturels . interactions . mali . médecine chinoise . tcm . activités . actualités news . billets . colloques séminaires . tcm . afrique . cameroun . chine . espaces culturels . médecine chinoise . patrimoine culturel . patrimonialisation . perceptions . tcm . etat . république populaire de chine"
"2013","i054","identités frontières et intégration européenne . pfr . dhiha5 . janine katins"
"2013","i055","appels à contributions et à communications . actualités news . appel à contribution call for papers . billets . économie . espace . histoire urbaine . méditerranée . moyen âge . temps . temps modernes . villes"
"2013","i056",""
"2013","i057","anthropologie . irmc . pays . recherche . sciences politiques . thèmes . tunisie . fantasme . sayeb . stéphanie pouessel . weld el 15 . musique . tunisie . balti . rap . weld el 15"
"2013","i058","billets . colloques"
"2013","i059","enseignement . réflexion décousue . expressions régulières . r . méthodes . sociologie politique . analyse de réseaux sociaux . assemblée nationale . france . parlement . r . réseaux . twitter . dans les revues . enseignement . méthodes . r . sociologie électorale . méthodes . sociologie politique . assemblée nationale . données . france . parlement . r . données . outils . ressources électroniques . age . cad . craigslist . données . internet . r . regex . cartographies . formations . quantilille . réseaux sociaux . analyse . données . outils . ressources électroniques . cad . données . internet . open data . perl . twitter . billets . html . technique . web . billets . outils . accents . virgules"
"2013","i060","actualités news . annonces . colloques . artehis umr 6298 . bourgogne . cbma . humanités numériques . vocabulaire des chartes . colloques journées d études expositions . cbma . journée d études"
"2013","i061","édition . outils numériques . actualités news . billets . actualités news"
"2013","i062","présentation . le doctorat au quotidien . valorisation des recherches . valorisation . veille . le doctorat au quotidien . organisation du travail . appel à communication . article . colloque . conseils pratiques . interventions . pratiques de communication . pratiques de recherche numériques . live tweet . numérique . postures"
"2013","i063","lise . manifestations scientifiques . sociologie de l entreprise . dynamiques identitaires . manifestations scientifiques . appels à contribution . sociologie du travail . actualités news . représentativité ii 1er février 2013 . séminaires du rt . argentine . brésil . espagne . italie . loi . nord . règles . représentatitivé . sud . syndicalisme . tunisie . représentativité 19 octobre 2012 . octobre 2010 . accords . action directe . afs . conventions collectives . institution . institutionnalisation . légitimité . mandat . mandats . représentativité . représentativité patronale . rt18 . syndicalisme . tpe . colloques journées 2012 2013 . séminaire foucault 2012 2013 . appels à contribution . emploi . salariat . trajectoires . travail . travail indépendant"
"2013","i064","artikel . veranstaltung . arabischer frühling . bayerisches orientkolloquium . interdisziplinäre nahostforschung . london school of economics and political science . orient institut beirut . souhayr belhassen . articles . events"
"2013","i065","billets . mondialisation . lectures . médias . recherches . séminaires . accès ouvert . édition scientifique . open access . annonces . recherches . recherches . recherches . actualités . billets . cycle . économie . évaluation . internet . numérique . open access . autour de tracés . billets . cairn . cnrs . open access . politique des revues . refdoc . revues org . sciences humaines"
"2013","i066","colloques . evénements crc . ccj . colloque . colloque du réseau . compte rendu . capitales . damien peladan . lieux de mémoires . monde coréen . patrimoine . valérie gelézeau"
"2013","i067","actualités news . album . enchantement . géographie . habiter . iconotexte . image . interdependance . représentation . territoire . transaction . transfert . nous signalons . outils de la recherche . cambridge . recherche internationale"
"2013","i068","nos publications et communications . art . enfermement . objet . actualités . billets . rencontres 2012 2013 . art contemp . culture matérielle . exclusion . exil . mémoire . non lieux . objets de l exil"
"2013","i069","billets . anthropologie . anti terrorisme . caucase . fédération de russie . intelligence économique . nom russe . nom tchétchène . onomastique . tsarnaïev . cartographie"
"2013","i070","biblio . orientation . monarchie absolue . souveraineté . 2012 2013 où en est la souveraineté . actualités news . billets . comptes rendus . aveu . bodin . crime . jacques chiffoleau . lèse majesté . majesté . mélenchon . souveraineté . yan thomas . 2012 2013 où en est la souveraineté . actualités news . billets . comptes rendus . droit . imperium . majestas . majesté . rome . souveraineté . yan thomas . 2012 2013 où en est la souveraineté . actualités news . billets . comptes rendus . crimen maiestatis . droit . histoire du droit . imperium . majestas . majesté . principat . rome . yan thomas . 2012 2013 où en est la souveraineté . actualités news . billets . comptes rendus . décrétales . état . jacques chiffoleau . lèse majesté . majestas . majesté . michel foucault . pouvoir . secret"
"2013","i071","annonces . appel à contribution . contestation . indignation . révolution . colloque . christianisme . conversion . judaïsme . appels à contributions . contestation . indignation . révolution . cartographies"
"2014","i072","artikel . gastbeiträge . nachrichten . außenpolitik . frankreich . friedrich von raumer . kulturgeschichte des politischen . provisorische zentralgewalt . revolution 1848 49 . artikel . nachrichten . veranstaltungen . frankreich . histoire croisée . identität . kulturgeschichte des politischen . politische bewegungen . revolution 1830 . revolution 1848 49 . sylvie aprile . universität freiburg . université lille 3 . verflochtene geschichte . vortrag . bürger blogger botschafter . veranstaltungen . bilateral . deutschland . diplomatie . frankreich . internationale beziehungen . bürger blogger botschafter . veranstaltungen . auswärtiges amt . blogs . deutsche welle . diplomatie . diplomatiegeschichte . goethe institut . public diplomacy . weberworldcafé . artikel . blog . bpb . bundesamt für migration und flüchtlinge . einwanderung . joachim gauck . linkdossier . migration . artikel . veranstaltung . bpb . erster weltkrieg . geschichtspolitik . linkdossier . worldcafé . zeit . narrating the first world war . veranstaltungen . blog . erster weltkrieg . science reporter . veranstaltungsdokumentation . web 2 0 . weberworldcafé . veranstaltungen . veranstaltungen . diplomatie unter druck . veranstaltungen . diplomatie unter druck . veranstaltungen . diplomatiegeschichte . legitimität . diplomatie unter druck . veranstaltungen . berlin . diplomatie . france . diplomatie unter druck . veranstaltungen . anerkennung . diplomatie . legitimität . paris . diplomatie unter druck . veranstaltungen . anerkennung . großmächte . status . diplomatie unter druck . veranstaltungen . auslandskorrespondenten . diplomatie . journalismus . otto brandes . events . trafo events . weberworldcafés . diplomatie . diplomatiegeschichte . neue medien . public diplomacy . soft power . weberworldcafé . deutsche einwanderer in paris . einwanderer . einwanderin . identität . migration . paris . narrating the first world war . veranstaltungen . erster weltkrieg . europa . geschichte . museum . transregional . weberworldcafé"
"2014","i073","cnrs . concours . evaluation . candidatures . cnrs . evaluation . opinions . politique de la recherche . recrutements théorie et pratique . science politique . sociologie . actualités news . conseils aux candidats . anthropologie . cnrs"
"2014","i074","appel à contribution . colloque . communauté et religion . communautés religieuses . religion et changement social . journée d étude . droits de l homme . relation etat religions . religion et politique . actualités news . lectures readings . catholicisme . christianisme . état . femme . genre . homosexualité . appel à contribution . colloque . histoire des religions . sans . conflit religieux . conversion . eglise orthodoxe . enseignement de la religion . laïcité . violence et religion . colloques . projets de recherche . colloques . actualités news . divers miscellaneous . lectures . christianisme . historiographie . jeunesse . masculinités . religion . révolution française . sport . projets de recherche . actualités news . lectures readings . ressources enseignants . éducation . enseignement des faits religieux . faits religieux . laïcité"
"2014","i075","mobilisation . inventaire . jeu . participation . pci . histoire et géographie . idées opinions croyances . histoire . contributions . archives . comptes rendus . culture visuelle . support sonore . analogique . cassette audio . nostalgie . signalements . cinéma . culture visuelle . colloques et journées d études . centre edouard branly . picnic . technologies numériques . la vie au xixe siècle . la vie quotidienne . curé . messe . pratique religieuse . archives en ligne . cévennes . mobilisation . conte . renard . activités d enthèse . comptes rendus de réunions . le doctorat au quotidien . organisation du travail . café doctorant . compte rendu . écriture . rédaction . billets . archives . diffusion de la recherche . historiographies . rôle social de l historien ne . historiographie . bibliographie . écritures . lectures . bibliographie . construction de l objet . articles . appel . contribution . lectures readings . opinion prise de position . françois xavier bellamy . lavisse . roman national . cours en ligne et mooc . généralités . historiographies . sources . critique des sources . intermédialité . numérique . video e podcast . audio arts . storia dell arte . tate gallery . cine tools . evénements . annotation . enseignement . innovation . internet . mooc . numérique . pédagogie . pratiques . usages . vidéo . evénements . créativité . innovation . institutions culturelles . musées . numérique . pratiques . technologies . écrites . historiographies . interdisciplinarité . sources . littérature . archives du for privé . clergé . genre . messe . religion . penser classer . trésor des contes . classifications . contes . billets . article . communication . ecriture . rédaction . thèse . mémoires thèses . journée d étude . ethnomusicologie . patrimoine musical . pratique culturelle . réseau . classical . knowledge transmission . laurence totelin . medicine . metals . plants . posts . remedies . antidotes . attalus of pergamum . celsus . columella . galen . pliny the elder . poisons . varro . divers . conference . digital . newspaper history . scholar . coulisses . personnel"
"2014","i076","actualités . billets . journées d études . manifestations . constituer le corpus . actualités . billets . infodoc . ressources documentaires . pratiques professionnelles cadre théorique et outils . portail . actualités news . billets . archives . diffusion scientifique . interdisciplinarité . internationalisation . réseau social . nos invités . zoom sur nos collections . numismatique . actualités news . billets . archive . copyright . hal . protection des données . réseau social . le coin des bibliothécaires . identité numérique"
"2014","i077","news actualités . chamoiseau . rencontre . toulouse . billets"
"2014","i078","fiches de lecture . histoire et mœurs numériques . édition éléctronique . édition numérique . lecture numérique . livre numérique . numérique . billets étudiants . s6 les terrains"
"2014","i079","accueil . pornographie . carnet . porn studies . pornographie . accueil . enseignement . éthique . méthodologie . paratexte académique . porn studies . posture . université . accueil . blogging scientifique . éthique . hypothèses . méthodologie . paratexte académique . posture . twitter . université . vulgarisation . informations . collection . corps . érotisme . études pornographiques . genre . l attrape corps . porn . porn studies . pornographies . sexe . sexologie . sexualités . hiver 2013 pornographies mots désir . pensées féministes . théorie du discours . attwood . bourcier . désir . études pornographiques . mots . ogien . porn studies . pornographie . postpornographie . preciado . smith . williams . avril 2014 n marignier . discours . énonciation . perspective partielle . privilèges . subjectivité . avril 2014 n marignier . expérience . féminisme . haraway . médiation . objectivité . savoirs situés . vision . artikels . archäologinnen . fachgeschichte . universität bonn . janvier 2014 f r dubois . 2014 . mois après mois . genre . porn studies . pornographie . queer . sexe . sexualité . dictionnaire dadn . affiliation diffuse . affordance . ambient affiliation . hashtag . investigabilité . pratiques affiliatives . produsage . searchable talk"
"2014","i080","archive . artikel . archive20 . archive . crowdsourcing . tagung . artikel . artikel . veranstaltungen . artikel . digitalisate . mittelalter . bayerische staatsbibliothek . bsb clm 4660 . carmina burana . digitalisate . artikel . mittelalter . neuerscheinungen . bamberg . beginen . beginenwesen . eichstätt . freising . hannah hien . passau . regensburg . würzburg . ankündigungen . artikel . artikel . blog ordensgeschichte . artikel . berichte . archive . artikel . alltagsgeschichte . dissertationen . epoche . frauenklöster zisterziensischer prägung . frömmigkeitsgeschichte . spätmittelalter . südwestdeutschland . zisterzienser . dissertationsprojekt . günterstal . mystik . ankündigungen . archive . artikel . blog . call for papers . bloggen . institut für österreichische geschichtsforschung . workshop . ankündigungen . artikel . mittelalter . digitalisierung . handschriften . tagung . veranstaltungen . archive . benediktiner . digitale diplomatik . digitalisate . mittelalter . österreich . schottenstift wien . virtuelle archive . monasterium net . future timeline . digital humanities . geschichte . öffentlichkeit . wissenschaftsmanagement . archiv wesen . web 2 0 . blog . bloggen . web 2 0 . artikel . bauforschung . bildungsgeschichte . denkmalpflege . frühe neuzeit . geschichte . kartäuser . kloster . kunstgeschichte . mittelalter . neuerscheinungen . publikationen . spätmittelalter . südwestdeutschland . wissenschaftsgeschichte . freiburg . gregor reisch . hans baldung grien . johannes keßlin . kartause . kartause freiburg . kartause ittingen . universität freiburg . artikel . berichte . frühe neuzeit . mittelalter . niederaltaich . tagungsbericht . aktuelles . digigw14 . veranstaltungen . digigw14 . digitale geschichtswissenschaft . digitale werkzeuge . historikertag . science 2 0 . soziale medien . web 2 0 . ankündigungen . archive . artikel . blog ordensgeschichte . wbgavie . alexander schatek . antje diener staeckling . anton tantner . archivwesen . bloggen . christian nikolaus opitz . claudia höller . daniel meßner . elisabeth steiger . fritz blakolmer . georg lehner . holger berwinkel . institut für österreichische geschichtsforschung . jan hecker stampehl . joachim kemper . maria rottler . marianne klemun . maximilian alexander trofaier . michael kaiser . michael schonhardt . monika lehner . thomas just . thomas stockinger . thomas winkelbauer . wolfgang schmale . ankündigungen . artikel . frühe neuzeit . jahrhundert . bauforschung . benediktiner . österreich . schottenstift wien . vortrag . andreas wenzel . joseph kornhäusel . abschlussarbeiten . artikel . berichte . bibliotheken . historische hilfswissenschaften . mittelalter . österreich . veranstaltungen . handschriftenkunde . katalogisierung . österreich . praedoc treffen . benediktiner . geschichte . österreich . schottenstift wien . spätmittelalter . herzog albrecht v von österreich . kloster petershausen . konzil von konstanz . melker reform . nikolaus von dinkelsbühl . archive . artikel . blog . web 2 0 . wbgavie . archiv des schottenstifts . archivwesen . blog . bloggen . facebook . institut für österreichische geschichtsforschung . maximilian alexander trofaier . workshop . archive . artikel . stellenausschreibung . artikel . artikel . artikel . artikel . research . cistercian history . conference reports . conferences . heresy . lay religion . mendicant history . monastic history . artikel . bibliotheken . digitalisate . literaturgeschichte . bayerische staatsbibliothek . carmina burana . artikel . neuerscheinungen . bamberg . beginen . beginenwesen . eichstätt . freising . hannah hien . passau . regensburg . würzburg . artikel . aktuelles . online ressourcen . bibliotheken . editionen . frankreich . handschriften . interoperationalität . mittelalter . semantic web . seminare . stemmata . tei . virtuelle bibliotheken . artikel . gymnasialbibliothek . miszellen . artikel . gymnasialbibliothek . artikel . gymnasialarchiv . allgemein . 1600 . 2000 . kulturpolitik . schulbibliotheken . artikel . projektskizzen . frauenklöster . geschenke . günterstal . actualités news . artikel . social media . kulturer . blogparade . facebook . kulturgut . stralsund . artikel . veranstaltungen . workshop bloggen in geschichtswissenschaft und archivwesen . wbgavie . bloggen . cfp . workshop . artikel . artikel . berichte . microbloggen . twitter . ankündigungen . artikel . mittelalter . tagungen . digitalisierung . handschriften . tagung . artikel . veranstaltungen . adelheid krah . archivwesen . dasp . deutschland . digitalisierung . diözesanarchiv passau . erschließung . frühe neuzeit . icarus . konservierung . mittelalter . monasterium net . slowakei . transregionalität . tschechische republik . ungarn . im netz . stiftsarchiv . datenbanken . digitalisierung . monasterium . urkunden . dhiha5 . digital humanities . nachwuchs . artikel . neuerscheinungen . freiburg . gregor reisch . hans baldung grien . johannes keßlin . kartause . kartause freiburg . kartause ittingen . universität freiburg . artikel . berichte . frühe neuzeit . mittelalter . niederaltaich . tagungsbericht . re blogs . digital humanities . e publikationen . geschichte . infrastrukturen . social media . artikel . workshop bloggen in geschichtswissenschaft und archivwesen . wbgavie . bloggen . historikertag . social media . video . artikel . workshop bloggen in geschichtswissenschaft und archivwesen . wbgavie . alexander schatek . antje diener staeckling . anton tantner . archivwesen . bloggen . christian nikolaus opitz . claudia höller . daniel meßner . elisabeth steiger . fritz blakolmer . georg lehner . holger berwinkel . jan hecker stampehl . joachim kemper . maria rottler . marianne klemun . maximilian alexander trofaier . michael kaiser . michael schonhardt . monika lehner . thomas just . thomas stockinger . thomas winkelbauer . wolfgang schmale . workshop . artikel . frühe neuzeit . workshops . stiftsarchiv . veranstaltungen . abt andreas wenzel . konventneubau . p augustinus zeman . stift klosterneuburg . tagungen . artikel . projekte . veranstaltungen . handschriftenkunde . katalogisierung . praedoc treffen . universität wien . archivalien objekte . blick in die geschichte . stiftsarchiv . abt nikolaus von respitz . abt thomas iii . iroschotten . kloster petershausen . könig albrecht ii . konzil von konstanz . melker reform . nikolaus seyringer . nikolaus von dinkelsbühl . papst martin v . stift melk . urkunden . im netz . stiftsarchiv . veranstaltungen . bloggen . facebook . iög . lehr und vortragstätigkeit . tagungen . artikel . aktuelles . digigw14 . digigw14 . peer review . qualität"
"2014","i081","billets . édition critique . textes fragmentaires . digital humanities . nouissima . 2014 . convegno colloque conference . france . intertextuality . lyon . tei . text re use . miscellanea . 2014 . bordeaux . convegno colloque conference . france . grammatici graeci . lingua graeca . lingua latina . metrica . rhetorica . actualités news . cifm . épigraphie . inscriptions . moyen age . euenta ab aliis curata . euenta grammaticalia . nouissima . 2014 . fragmenta . france . lofts . méthodologie . paris . annonces de colloques conferences . allusions . citations . intertextualité . paraphrase . billets . actualités du cescm . colloques . corpus des inscriptions de la france médiévale . épigraphie"
"2014","i082","réflexion décousue . expérimentation naturelle . internet . billets . revue review"
"2014","i083","artikel . artikel . issn . issn . actualités news . archäologie . meinung . mittelalterarchäologie . china bilder . mind the gap s . 19c . chinabild . österreich als europäisches china . wien . splitter . bloggen . in eigener sache . meta . redaktionelles . blogaward . slide . artikel . kloster lorsch . magisterarbeit . artikel . altenmünster . kloster lorsch . magisterarbeit . artikel . altenmünster . kloster lorsch . aktuelles . slide . issn . wissenschaftsblog . dies und das . slide . issn . archäologie . cum ira et studio . mediävistik . summa summarum . artikel . löwe . repräsentation . symbolik . tier"
"2014","i084","aurelia martin . call for papers . adele esposito . asian cities . asian metropolises . call for papers . ensa . ideas of the city in asia . seminar . comptes rendus . top techniques objets patrimoines . chinese incense . culture . liu liang you . chine . doctorants . iao . post doctorant . actualités news . communications scientifiques . conférences . evénements . acvr . atelier de réflexion . chine . débat . géopolitique . iao . mer de chine méridionale . paracels . vietnam . conférence . ccj . lisbonne . urbachina . monique abud . peer reviewed articles . suzhou . urban policies . cecmc . peri urban livelihood . regionalism . suzhou . urba china . urban containment strategy . urban rural fringe . villages . conférence . céramiques chinoises . collection grandidier . jérôme ghesquière . musée guimet . yolande manzano . émissions de radio . méditerranéee . mer de chine . divers . asie . cecmc . métropoles . ville . lectures readings . aquilaria . bois d aigle . boîte à encens . brûle parfum . liu liang you . session d encens . séminaires . doctorants . actualités viêt nam . débat questions d histoire . chine . espace maritime . géopolitique . mer de chine méridionale . paracels . spratleys . stratégie militaire . viêt nam . actualités viêt nam . agenda evénements . débat questions d histoire . histoire et sociétés d indochine . workshop journées d étude . andré menras . asie du sud est . chine . chronologie . crise sino vietnamienne . dai nam . espace maritime . etats unis . hoang sa . mer de chine méridionale . paracels . pêcheurs . truong sa . viêt nam . actualités viêt nam . analyse politique . crise sino vietnamienne . discours . dissidence . doi moi . guerre du viêt nam . manifestations antichinoises . nationalisme . paracels . pham van dong . réconciliation nationale . violences . conference . urbachina research team . conference announcement . urbachina . divers . giulio verdini . billets de blog . giulio verdini . suzhou . top techniques objets patrimoines . ccj . giulio verdini . patrimoine architectural . politique de conservation . shanghai . suzhou . wang yiwen . divers . agence photographique . cecmc . rmn grand palais . communications scientifiques"
"2014","i085","lectures readings . amiens . cynthia ghorra gobin . écoquartier . françois jullien . ioanis deroire . jérôme baratier . jeu des 7 familles . martin vanier . quartier citadelle . rodolphe dodier . scot . urbanisme . billets . parutions lectures . chaire sur l altérité . chine philosophie . françois jullien . l écart et l entre . leçon inaugurale . 之间 . 哲学 . 朱利安 . 汉学 . 进入一种思想"
"2014","i086","anglais english . colloques séminaires etc . tamoul tamil . anglais english . colloques séminaires etc . français french . cinema . diaspora . france . litterature . tamil society . writer in exil . other news events . activités . activités de l équipe . actualités . billets . evénements . rencontres 2013 2014 . séminaires . écrits . exil . exile . littérature . tamil . visibility . wrtings"
"2014","i087","avenir de la recherche . géographie . urbanisme . enseignement . formations des urfist . libre accès . réseaux sociaux . veille scientifique technologique . libre accès . réseaux sociaux . chercheurs . chercheurs . labex sms . magazine . plateforme hypothèses . shs . art littérature . urbanisme . arabie saoudite . jeddah . france . abonnement . accès à l information . elsevier . revues . accueil . avec les institutions . documentation en pratique . partenariats . bibliothèques . cnrs . gis . monde arabe et musulman . moyen orient . acteurs ist . billets . chercheurs . communauté scientifique . formation . métier . professionnels ist . réseaux sociaux . visibilité . édition scientifique . rédaction . multidisciplinarité . numérique . réseau . scientifique . social . blogging scientifique . édition électronique . ressources en ligne . actualités news . academia edu . tribune . mondes sociaux . réseaux sociaux . sciences sociales . actualités news . billets . internet . saoudie . anonymous . printemps arabe . twitter . vidéos . youtube . communs . industries académiques . libre accès"
"2014","i088","billets . manifestations scientifiques . projets plateformes . veille actualités news . rendez vous . base de données . drupal . encodage tei . importation . modélisation merise . publication web . symogih . traitement . web de données"
"2014","i089","actualités . russie . billets . science fiction . fantastique . urss . utopie"
"2014","i090","actualités . colloques journées d études expositions . formula e . colloque . images . moyen âge . musique . signes graphiques . textes latins . actualités news . annonces . colloques . gdr 3177 . centre de médiévistique jean schneider erl 7229 . centre de recherche universitaire lorrain d histoire ea 3945 . formulaires . formules . interdisciplinarité dans les études anglophones ea 2338"
"2014","i091","appels à contribution . justice sociale . sociologie du travail . analyse de l activité . crf . crtd . formation professionnelle . métiers de la formation . parutions . sociologie du travail . appels à contribution . clinique du travail . sociologie du travail . actualités news . colloques . publications . analyse du travail . méthode . sociologie du travail . appels à articles itti . groupes professionnels . iconographie"
"2014","i092","en débat . compétences . curriculum . réforme . socle . curriculum et contenus d enseignement . théories de l éducation . compétences . socle commun"
"2014","i093","miscellaneous . 24h . jury . students . louvain . phd . seminar . big data . ia"
"2014","i094","all posts . dh at large . my research . hybridity . ion . openedition . plato . porosity . switzerland . venice time machine . varia . épistémologie . humanités numériques . sciences humaines et sociales . manifeste des digital humanities . séminaire . annonce . colloque . disciplines . humanités digitales . humanités numériques . multilinguisme . suisse . tradition . manifeste des digital humanities . thatcamp paris 2010"
"2014","i095","édition électronique . logiciel libre . recherche développement . journals . blogs . hypothèses francophone . aller voir ailleurs . espace privé . espace public . interactions . limite . rue . vietnam . ville . billet . 1962 . décennie noire . histoire du temps présent . octobre . paroxysme . billets . budget . congrès . dette . maison blanche . politique étrangère . présidence . syrie . tea party"
"2014","i096","archives . transition . tunisie . archives . histoire . institutions . comptes rendus d activités . irmc . tunisie . archives . hédi jellab . transition . tunisie"
"2014","i097","au fil de la recherche . publications . censure . propagande . renseignements . services . syrie . contemporain . liban . sciences politiques . syrie . beyrouth . crise syrienne . liban . relation syro libanaise . révolutions arabes . syrie . système politique libanais"
"2014","i098","billets . journées d études et colloques exterieurs"
"2014","i099","actualités news . colonies . enseignement technique . revue artefact techniques histoire et sciences humaines . anthropologie . archéologie . archives . histoire . historiographie . patrimoine . sociologie . techniques . technologie"
"2015","i100","actualités news . pratiques pédagogiques"
"2015","i101","actualités de la recherche . séminaires de l iremam . séminaires de recherche . actualités . actualités et news . adress . actualités . actualités et news . appel à communication . appel à communication . journée d étude doctorants . actualités de la recherche . colloques journées d étude . annuaire des doctorants . doctorat . al andalus . grammaire arabe . langue arabe . linguistique . thèse . tradition grammaticale arabe . transmission du savoir . annuaire des doctorants . doctorat . afghanistan . arabe . épigraphie . thèse . tombeau . annuaire des doctorants . doctorat . épigraphie . graffiti . histoire médiévale . islamologie . monde musulman . thèse . accueil . adress . evénements . adress . enjeux . épistémologie . journée d étude . recherche . thèse . actualités de l association . rencontres de la halqa"
"2015","i102","appels . journées"
"2015","i103","billets . varia . actualités news . colloques . archives . échantillon . méthodes . prosopographie . actualités news . ressources en ligne . thèse . billets . prix fellowships . association . vie de l ahmuf . actualités news . séminaires . actualités news . séminaires . archives . échantillon . actualités news . thèses . histoire contemporaine . soutenance . thèse . activités de la sfhu . appels"
"2015","i104","actualités des membres . génétique . mali . manuscrits . ouologuem . paris . séminaire . événements . item institut des textes et manuscrits . séminaires"
"2015","i105","varia . cisterciensis . diplomatique . abbaye . archives . bourgogne . cbma . charte . cisterciens . diplomatique . édition . originaux . textes latins . actualités . archives manuscrits . éditions . archives manuscrits . bourgogne . cartulaire . diplomatique . édition . maizières . mauvais état de conservation . mis en avant"
"2015","i106","billets . actualités news . billets . archive . copyright . hal . protection des données . réseau social . âge du bronze . billets . chronologie . moyen orient . retour de mission . âge du bronze . architecture . iraq . kunara . kurdistan . ville"
"2015","i107","soziologischer monatsrückblick . luhmann . soziologie . soziologiemagazin . future timeline . e publikationen . geisteswissenschaften . kommunikation . kultur . social media . erste schritte . themes . thema . theme . themes . twenty eleven . interviews . wbhyp . blog . bloggen . blogaward . slide . dies und das . slide . wbhyp . blogpararde . wissenschaftsbloggen . blogging . forum . in eigener sache . summa summarum . blogs . mediävistik . open access . peer review . publizieren . deutsch . medien . wbhyp . blogparade . wissenschaftliches bloggen . wissenschaftskommunikation . arbeitsverhalten . in eigener sache . bibelwissenschaft . blog . mut . schreiben . rechtsfragen . gestion de l apparence . thèmes . apparence . page d accueil . showcase . thème . twenty eleven . une"
"2015","i108","le carnet . blogs et carnets . histoire du droit et des institutions . le doctorat au quotidien . valorisation des recherches . carnet de recherche . hypotheses org . numérique . valorisation . activités d enthèse . billets . comptes rendus de réunions . le doctorat au quotidien . valorisation des recherches . carnet de recherche . hypotheses org . numérique . valorisation . entreprises . lieux . cifre . financements . autres évènements . le doctorat au quotidien . valorisation des recherches . carrière . cv . insertion professionnelle . stratégie . valorisation . enseignement de l antiquité . enseignement . featured . programmes . vulgarisation . le labo des thésards . ego histoire . introduction . thèse . canular tremblay . controverse . sociologie de la sociologie . sociologie des intellectuels . université . billets thématiques . ecritures . interventions . le carnet de recherche . pratiques de communication . reflets . réflexivités . circulation des savoirs . communication scientifique . édition électronique . normes . numérique . recherche . avril 2012 j chibois . pratiques . carnet de recherche . digitalhumanities . écriture . politique . pratiques de chercheurs . publication . blogo numericus . digital humanities . édition électronique . nos livres . observatoire des usages . billets thématiques . interventions . le carnet de recherche . pratiques de communication . reflets . circulation des savoirs . communication scientifique . édition électronique . normes . numérique . recherche . billets thématiques . ecritures . le carnet de recherche . penser la recherche comme pratiques . pratiques de recherche . réflexivités . carnets . hypotheses . février 2012 m faury . face à face . carnet de recherche . commentaire . dialogue . analyse du discours numérique . débats critiques . informations . billets . doctorat . roman . actualités news . doctorat . billets . internet . outil . photographie . diaporama . le carnet de recherche . penser la recherche comme pratiques . pratiques de recherche numériques . réflexivités . épistémologie . expérience . réflexivité . thèse . vécu . février 2012 m faury . face à face . regards . carnet . pratiques de chercheurs . thèse . avant la thèse . trouver un financement . cifre . entreprise . financement"
"2015","i109","appels à contribution . ccj . images . relation . soignants . soignés . conférence . chine . confucianisme . japon . appels à articles itti . appel . medecine . relation de soin . actualités . guillaume carré . ouvrage . table ronde . ccj . chine . confucianisme . japon"
"2015","i110","actualités de la recherche . fabrique de la géographie iuf d marcotte . projets de recherche"
"2015","i111","libre accès . marin dacos . méthodes . sociologie politique . communication politique . expressions régulières . front national . r . contemporain . histoire . islamologie . médiéval . moderne . art islamique . caricatures . enluminure . images . mahomet . muhammad . nimbe . portraits . prophète . représentation figurée . voile . histoire historiographie . anticléricalisme . caricature . religion . médias . méthodes . charlie hebdo . journalisme . réseaux . posts . billets . blogs . hypothèses"
"2015","i112","bourses concours et emplois . offres d emploi . offres de bourse"
"2015","i113","actualités news . lectures readings . récupération . recyclage . lectures . brésil . etats unis . europe . récupération . recyclage"
"2015","i114","blogosphere . lectures readings . un e chercheur e . bernard maris . capitalisme . médias . recherche . université . une publication . ebook . edition . jeunesse . lecture . livre . numérique"
"2015","i115","nos dossiers . curriculum et contenus d enseignement . compétences . évaluation . formation et développement professionnel des enseignants . pratiques professionnelles et pédagogie . tice et culture numérique . enseignant . ressources pédagogiques . tic . apprentissages et difficultés d apprentissage . pratiques professionnelles et pédagogie . tice et culture numérique . numérique . pilotage . réussite scolaire"
"2015","i116","billets"
"2015","i117","actualités news . call for applications . kurse . fellowship . forum transregionale studien . internationale forschung . nachwuchswissenschaftler . nachwuchswissenschaftlerinnen und nachwuchswissenschaftler . sommerakademie . transregionale studien . wissenschaftliche veranstaltungen . workshop . articles"
"2015","i118","articles billets . anticommunisme . espionnes . femmes . guerre du viêt nam . récit de vie . yung krall . articles billets . arvn . australie . diaspora . écritures . femmes . guerre du viêt nam . nationalisme . république du viêt nam sud . soldats"
"2015","i119","chez les carnetiers de l ihtp . textures du temps . algérie . cinéma . décennie noire . karim moussaoui . malika rahal . paroxysme . textures du temps . violence . actualités . artistes . rescapés . shoah . desvelando el tiempo presente . hojeando . argentina . argentine . caricaturas . caricatures . censura . censure . charlie hebdo . chile . chili . cuba . histoire du temps présent . histoire politique . historia política . historiadeltiempopresente . libertad de expresión . liberté d expression . paraguay . prensa . presse . república . république . venezuela . viñetas . billet . cinéma . décennie noire . paroxysme . récit . traumatisme . atelier de recherche . séances . art . atelier de recherches séances . france . mémoires . survivants des camps . billets . argentina . argentine . caricaturas . caricatures . censura . censure . charlie hebdo . chile . chili . frédérique langue . histoire politique . historia política . libertad de expresión . liberté d expression . paraguay . prensa . presse . république . venezuela . viñetas"
"2015","i120","chercheurs . archivage pérenne . droits d auteur . identité numérique . libre accès . réseaux sociaux académiques . publication . recherche . diffusion de la recherche . publication . journée d étude . religion et communication . mobilisation . crévilles . digital humanities . formations des urfist . libre accès . réseaux sociaux . veille scientifique technologique . libre accès . réseaux sociaux . humanités numériques . le coin des bibliothécaires . identité numérique . methodoc . academia . archivage numérique . hal shs . idéntité numérique . réseau social . valorisation . visibilité de la recherche . blogging scientifique . édition électronique . ressources en ligne . billets . boîte à outils . chercheur . éditeur . revue prédatrice . acteurs ist . billets . revue prédatrice . tutoriel . billets . blogging scientifique . édition électronique . recension bibliographique . ressources en ligne . se former . cms . oméka . publication . photo . édition électronique . ressources en ligne . crévilles tours . patrimoine urbain . ressources en ligne . urbanisme"
"2015","i121","museum power and identity . veranstaltungen . exhibition . museum . recommendation . tipp . visualization . articles . bulletin"
"2015","i122","actualités . archives . histoire du droit . internet . justice internationale . tribunal pénal international . actualités news . droit . histoire du droit . image"
"2015","i123","comptes rendus d activités . sciences politiques . sociologie . tunisie . aymen bel hadj . clément perarnaud . élections . encadrement politique . haica . jérôme heurtaux . legislatives . présidentielles . riadh ferjani . transition"
"2015","i124","artikel . blog . bloggen . splitter . jahrestag . jubiläum"
"2015","i125","écoles et formations schools and training . écritures du passé writing the past . france . iles britanniques the british isles . scandinavie scandinavia . séminaires seminars . allemagne germany . france . iles britanniques the british isles . notes débats et discussions notes debates and discussions . pays baltes the baltic states . russie russia . scandinavie scandinavia . scandinavie médiévale xie xiiie siècle medieval scandinavia 11th 13th c . ukraine ukraine . séminaires . textes pdf"
"2015","i126","artikel . guestpost . napoleon auf der spur . quelle . rheinischer adel . theodor von hallberg broich . an paris . archive . dynamisches banner . quellen . adel . befragungsprotokoll . großherzogtum berg . hohe polizei . kurpfalzbayern . maximilian von weichs . rheinland . schaesberg . theodor von hallberg broich"
"2015","i127","frühmittelalter . geschichte . st gallen . südwestdeutschland . veranstaltungen . alemannien . karolinger . reichenau . st gallen . artikel . dissertationen . fach . geschichte . hochmittelalter . spätmittelalter . südwestdeutschland . tennenbach . wirtschaftsgeschichte . zisterzienser . zisterzienser . agrargeschichte . breisgau . christian stadelmaier . grangien . konversen . landwirtschaft . tennenbach . tennenbacher güterbuch . zisterze . zisterzienser . artikel . veranstaltungen . adel . alemannien . baar . karl der große . karl der kahle . karolinger . ludwig der fromme . reichenau . st gallen . villingen schwenningen . artikel . neuerscheinungen . agrargeschichte . argarwirtschaft . christian stadelmaier . grangienwesen . tennenbach . wirtschaftsgeschichte . zisterzienser . artikel . miszellen . neuerscheinungen . projektskizzen . ackerbau . agrargeschichte . christian stadelmaier . dreifelderbrachwirtschaft . grangie . grangienwesen . grundherrschaft . landwirtschaft . tennenbach . weinbau . zisterzienser"
"2015","i128","lise . manifestations scientifiques . sociologie de l entreprise . sociologie du travail . billets . séminaires du rt . programme . rt18 . séminaires"
